Skill,Count,Percentage
Marketing,882,64.0%
Communication,878,63.7%
Reporting,504,36.6%
Collaboration,424,30.8%
Sales,421,30.6%
Excel,396,28.7%
Innovation,344,25.0%
Digital Marketing,278,20.2%
Leadership,278,20.2%
SQL,275,20.0%
Dashboards,262,19.0%
Organization,257,18.7%
Problem Solving,254,18.4%
Proactive,244,17.7%
Metrics,242,17.6%
Decision Making,234,17.0%
Project Management,230,16.7%
Data Analysis,229,16.6%
Attention to Detail,222,16.1%
Documentation,190,13.8%
Tableau,181,13.1%
Statistics,167,12.1%
Market Research,167,12.1%
PowerPoint,157,11.4%
Influence,153,11.1%
Power BI,142,10.3%
Python,141,10.2%
LinkedIn,141,10.2%
Flexibility,134,9.7%
Storytelling,134,9.7%
